Toppagina's,Aantal klikken,Vertoningen,CTR,Positie
http://www.arianabandenservice.be/,40,1768,2.26%,4.06
https://www.arianabandenservice.be/,16,964,1.66%,5.13
https://www.arianabandenservice.be/nl/contact,1,82,1.22%,3.82
https://www.arianabandenservice.be/nl,1,28,3.57%,3.32
https://www.arianabandenservice.be/contact,1,28,3.57%,6.89
https://arianabandenservice.be/en,0,109,0%,11.71
https://arianabandenservice.be/,0,54,0%,11.07
https://arianabandenservice.be/es,0,31,0%,7.32
https://arianabandenservice.be/en/services,0,26,0%,8.04
https://arianabandenservice.be/es/services,0,17,0%,8.94
https://www.arianabandenservice.be/es/services,0,15,0%,6.6
https://arianabandenservice.be/ar,0,13,0%,8
https://arianabandenservice.be/fa,0,13,0%,10.23
https://www.arianabandenservice.be/en/tires/michelin-geolandar-suv-245-40-r18,0,11,0%,6.64
https://www.arianabandenservice.be/en/tires/kumho-sport-suv-225-55-r18,0,9,0%,6.56
https://arianabandenservice.be/gr/services,0,9,0%,10.11
https://arianabandenservice.be/de,0,6,0%,7.5
https://www.arianabandenservice.be/gr/contact?service=Remblokken (achteras),0,5,0%,6.8
https://arianabandenservice.be/ar/tires/continental-sport-suv-185-45-r14,0,4,0%,8
https://arianabandenservice.be/en/tires/dunlop-geolandar-suv-225-40-r17,0,3,0%,11.33
https://www.arianabandenservice.be/fr/faq,0,3,0%,25.67
https://www.arianabandenservice.be/nl/tires/continental-procontact-suv-175-45-r16,0,2,0%,4
https://arianabandenservice.be/es/tires/goodyear-sport-suv-175-60-r15,0,2,0%,7.5
https://arianabandenservice.be/ar/services,0,2,0%,8
https://arianabandenservice.be/en/tires/goodyear-sport-suv-175-60-r15,0,2,0%,8.5
https://www.arianabandenservice.be/en/tires/yokohama-ventus-suv-175-60-r18,0,2,0%,8.5
https://www.arianabandenservice.be/es/tires/kumho-alenza-suv-185-45-r17,0,2,0%,11
https://www.arianabandenservice.be/de,0,1,0%,1
https://www.arianabandenservice.be/nl/tires/bridgestone-ventus-suv-195-65-r14,0,1,0%,2
https://arianabandenservice.be/de/tires/pirelli-procontact-suv-255-70-r19,0,1,0%,4
https://www.arianabandenservice.be/fa,0,1,0%,4
https://www.arianabandenservice.be/fa/tires/continental-alenza-suv-175-40-r16,0,1,0%,4
https://www.arianabandenservice.be/fr/tires/dunlop-sport-suv-225-65-r14,0,1,0%,5
https://arianabandenservice.be/de/contact,0,1,0%,6
https://arianabandenservice.be/en/tires/continental-sport-suv-185-45-r14,0,1,0%,6
https://www.arianabandenservice.be/de/services,0,1,0%,6
https://www.arianabandenservice.be/en/tires/michelin-proxes-suv-175-60-r19,0,1,0%,6
https://www.arianabandenservice.be/it/tires/continental-sport-suv-185-45-r14,0,1,0%,6
https://www.arianabandenservice.be/tires/pirelli-scorpion-suv-185-60-r17,0,1,0%,7
https://www.arianabandenservice.be/fr/tires/michelin-pilot-sport-4-suv,0,1,0%,8
https://www.arianabandenservice.be/nl/tires/toyo-geolandar-suv-195-65-r13,0,1,0%,8
https://www.arianabandenservice.be/nl/tires/kumho-sport-suv-225-55-r18,0,1,0%,9
https://www.arianabandenservice.be/nl/tires/pirelli-scorpion-suv-185-60-r17,0,1,0%,10
https://www.arianabandenservice.be/tr/tires/toyo-eagle-f1-suv-205-70-r14,0,1,0%,10
https://arianabandenservice.be/it/services,0,1,0%,11
https://www.arianabandenservice.be/tires/pirelli-ventus-suv-205-60-r16,0,1,0%,11
https://arianabandenservice.be/it/tires/goodyear-geolandar-suv-245-55-r16,0,1,0%,13
https://www.arianabandenservice.be/en/tires/pirelli-geolandar-suv-225-40-r14,0,1,0%,13
https://arianabandenservice.be/fr,0,1,0%,14
https://www.arianabandenservice.be/it/tires/michelin-sport-suv-235-40-r16,0,1,0%,15
https://www.arianabandenservice.be/tr/tires/toyo-geolandar-suv-195-65-r13,0,1,0%,19