Meest uitgevoerde zoekopdrachten,Aantal klikken,Vertoningen,CTR,Positie
bandencentrale gent,5,224,2.23%,3.64
ariana bandencentrale,4,29,13.79%,2.14
ariana banden service,4,20,20%,4.8
bandencentrale sint amandsberg,2,39,5.13%,2.38
ariana bandenservice,2,30,6.67%,1.23
bandencentrale dendermondsesteenweg,2,14,14.29%,1.43
bandencentrale dendermondsesteenweg gent,2,9,22.22%,1.44
autobanden,1,51,1.96%,5.37
bandencentrale in de buurt,1,41,2.44%,2.73
bandencentrale melle,1,19,5.26%,5.42
autobanden gent,1,18,5.56%,3
banden kopen en monteren,1,3,33.33%,1
goedkope auto banden,1,3,33.33%,5.67
bandencentrale,0,240,0%,2.9
banden gent,0,49,0%,3.57
banden,0,48,0%,5.6
bedrijfswagen gent,0,30,0%,13.47
auto onderdelen,0,25,0%,3.68
ariana,0,24,0%,10.17
bandenservice,0,24,0%,57.12
banden service,0,14,0%,7.86
tires,0,11,0%,6.55
auto onderdelen gent,0,10,0%,2.9
garage sint amandsberg,0,10,0%,3
banden wisselen,0,10,0%,3.6
mechanic near me,0,10,0%,4.2
bandenwinkel,0,9,0%,2.22
garage gent,0,9,0%,15.67
banden centrale,0,8,0%,2.75
oil change near me,0,8,0%,5.88
bandencentrale open op zondag,0,7,0%,2.29
autoparts gent,0,7,0%,3
tire,0,7,0%,3.57
pneus banden,0,7,0%,7
gent bandencentrale,0,6,0%,2.17
welke garage is open op zondag,0,6,0%,2.83
autobanden kopen,0,6,0%,5.17
banden ledegem,0,5,0%,1.8
carrosserie gent,0,5,0%,2.6
goedkoopste bandencentrale,0,5,0%,4.2
goedkope bandencentrale,0,5,0%,4.6
bandencentrales in de buurt,0,5,0%,5
auto,0,5,0%,6
winterbanden,0,5,0%,11.2
ariana banden,0,4,0%,1.25
bandencentrale open op zaterdag,0,4,0%,1.25
bandencentrale in de buurt nu geopend,0,4,0%,3
auto onderdelen winkel in de buurt,0,4,0%,3.25
auto parts gent,0,4,0%,3.25
goedkoop uitlijnen auto,0,4,0%,4.25
autobanden belgie,0,4,0%,7.25
pneus,0,4,0%,9.5
auto band,0,4,0%,9.75
banden winkel,0,3,0%,1
tweedehands autobanden oost-vlaanderen,0,3,0%,2.67
bandencentrale nu geopend,0,3,0%,3.33
banden vervangen,0,3,0%,3.67
garage,0,3,0%,3.67
de bandencentrale,0,3,0%,5
tire maintenance near me,0,3,0%,6
car parts,0,3,0%,8
banden auto,0,3,0%,9
prijs banden,0,3,0%,10.33
continental banden,0,3,0%,12.33
banden bestellen,0,3,0%,12.67
auto parts,0,2,0%,1
bandencentrale oost vlaanderen,0,2,0%,1
bf autoparts,0,2,0%,1
auto onderhoud,0,2,0%,2
bandencentrale zondag open,0,2,0%,2.5
garage open zondag,0,2,0%,2.5
banden winkel in de buurt,0,2,0%,3.5
bandencentrale brusselsesteenweg,0,2,0%,3.5
all season tires,0,2,0%,4
autobanden vervangen,0,2,0%,4
gent garage,0,2,0%,4
autoradio shop,0,2,0%,4.5
bandencentrale ledegem,0,2,0%,4.5
spare parts,0,2,0%,5.5
onderhoud auto,0,2,0%,6
afspraak bandencentrale,0,2,0%,6.5
banden kopen,0,2,0%,6.5
banden pneus,0,2,0%,6.5
exhaust,0,2,0%,8
autobanden prijs,0,2,0%,8.5
continental autobanden,0,2,0%,9
michelin tyres,0,2,0%,9
autoreparatie,0,2,0%,9.5
banden continental,0,2,0%,9.5
goedkope autobanden,0,2,0%,9.5
velgen en banden kopen,0,2,0%,9.5
at banden,0,2,0%,11
michelin tire shop near me,0,2,0%,12
goedkoop velgen kopen,0,2,0%,13
rims,0,2,0%,16
auto garage gent,0,2,0%,32.5
alignment car,0,1,0%,1
auto garage,0,1,0%,1
auto parts near me open now,0,1,0%,1
autobanden uitlijnen,0,1,0%,1
autoparts,0,1,0%,1
autowielen kopen,0,1,0%,1
band kopen,0,1,0%,1
banden laten monteren,0,1,0%,1
banden wisselen in de buurt,0,1,0%,1
banden zonder afspraak,0,1,0%,1
bandencentrale in de buurt open,0,1,0%,1
bandencentrale zonder afspraak,0,1,0%,1
bandencentrales,0,1,0%,1
bandenset auto,0,1,0%,1
bandenspecialist,0,1,0%,1
car maintainance,0,1,0%,1
garage destelbergen,0,1,0%,1
garage open op zondag,0,1,0%,1
lambo garage,0,1,0%,1
lekkeband,0,1,0%,1
michelin banden,0,1,0%,1
montage banden,0,1,0%,1
motor tyre shop near me,0,1,0%,1
oil change,0,1,0%,1
van garage,0,1,0%,1
velgen en banden,0,1,0%,1
velgen en winterbanden kopen,0,1,0%,1
waar autobanden kopen,0,1,0%,1
waar motorbanden laten monteren,0,1,0%,1
wheel alignment near me,0,1,0%,1
auto parts open sunday,0,1,0%,2
autoband vervangen,0,1,0%,2
autobanden monteren,0,1,0%,2
autobanden wisselen,0,1,0%,2
autoparts winkel,0,1,0%,2
bandcentrale,0,1,0%,2
banden auto vervangen,0,1,0%,2
banden garage,0,1,0%,2
banden near me,0,1,0%,2
bandencentrale gentbrugge,0,1,0%,2
bandencentrale near me,0,1,0%,2
bandenhandel,0,1,0%,2
garage banden wisselen,0,1,0%,2
goedkoop banden kopen,0,1,0%,2
lastikçi yakında,0,1,0%,2
mechanic parts,0,1,0%,2
mechanics,0,1,0%,2
oil change car,0,1,0%,2
the car shop,0,1,0%,2
tiees,0,1,0%,2
ariana shop,0,1,0%,3
auto 430,0,1,0%,3
auto service,0,1,0%,3
banden belgie,0,1,0%,3
pneu auto,0,1,0%,3
zomerbanden kopen,0,1,0%,3
all parts,0,1,0%,4
garage ouvert dimanche,0,1,0%,4
mobil lastikçi,0,1,0%,4
onderdelen,0,1,0%,4
repair shop gent,0,1,0%,4
tire shop near me,0,1,0%,4
auto banden,0,1,0%,5
banden centrale gent,0,1,0%,5
banden herstellen,0,1,0%,5
banden in de buurt,0,1,0%,5
banden service near me,0,1,0%,5
bandencentrale oostakker,0,1,0%,5
body parts,0,1,0%,5
centre pneu,0,1,0%,5
exaust,0,1,0%,5
flat tire,0,1,0%,5
flat tyre repair near me,0,1,0%,5
ganten auto,0,1,0%,5
garage dampoort,0,1,0%,5
groot onderhoud auto,0,1,0%,5
onderdeelen,0,1,0%,5
pneus perto de mim,0,1,0%,5
uniroyal banden,0,1,0%,5
velgen kopen in de buurt,0,1,0%,5
voorbanden vervangen,0,1,0%,5
alignment,0,1,0%,6
azenis banden,0,1,0%,6
banden centraal,0,1,0%,6
banden hankook,0,1,0%,6
car in garage,0,1,0%,6
continental tires procontact,0,1,0%,6
free wheel alignment,0,1,0%,6
prijs autobanden,0,1,0%,6
allseason banden,0,1,0%,7
auto banden prijzen,0,1,0%,7
beste autobanden,0,1,0%,7
toyo tyre,0,1,0%,7
continental tire,0,1,0%,8
nieuwe banden,0,1,0%,8
velgen banden,0,1,0%,8
autobande,0,1,0%,9
banden stockeren,0,1,0%,9
micheline banden,0,1,0%,9
tire service near me,0,1,0%,9
velgen en winterbanden,0,1,0%,9
all season banden belgie,0,1,0%,10
cabine auto,0,1,0%,10
toyo f1,0,1,0%,10
all season banden,0,1,0%,11
banden.be,0,1,0%,11
runflat banden,0,1,0%,11
tire repair,0,1,0%,11
all.season tires,0,1,0%,12
autobanden.be,0,1,0%,12
autobandenmarkt belgië,0,1,0%,12
band kapot,0,1,0%,12
car check,0,1,0%,12
dunlop geolandar,0,1,0%,12
tires belgium,0,1,0%,12
winterbanden plaatsen,0,1,0%,12
auto-onderdelen,0,1,0%,13
banden en velgen,0,1,0%,13
goodyear geolandar,0,1,0%,13
oude autobanden kopen,0,1,0%,13
winterbanden met velg kopen,0,1,0%,13
winterbanden met velgen,0,1,0%,13
seizoen banden,0,1,0%,14
velgen winterbanden,0,1,0%,14
tire buy,0,1,0%,15
autobanden goedkoop,0,1,0%,17
goedkoopste banden,0,1,0%,17
toyo banden all season,0,1,0%,17
all season,0,1,0%,18
bfgoodrich all terrain,0,1,0%,18
banden wisselen prijs,0,1,0%,21
hernies pneus,0,1,0%,57